rs2234968	0/0	0/1	0/0	0/0	0/0	1/1	0/0	1/1	0/0	0/1	0/0	0/0	0/1	0/0	0/1	0/0	0/1	0/0	0/0	0/0	0/0	0/1	0/0	0/1	0/0	1/1	0/0	0/0	0/0	0/0	1/1	0/0	0/0	0/0	1/1	0/0	0/1	0/0	0/1	0/0	0/0	0/1	0/1	0/0	0/0	0/0	0/1	0/0	0/0	0/0	0/0	0/0	0/0	0/1	0/1	1/1	1/1	0/0	0/0	0/1	0/0	0/1	0/1	0/1	0/1	0/0	0/1
rs2229094	0/0	0/0	0/1	0/1	0/1	0/1	0/0	0/0	0/0	0/1	0/0	0/0	0/0	0/1	0/0	0/0	0/1	0/1	0/0	0/1	0/0	0/1	0/1	0/1	0/0	0/0	0/1	0/0	0/0	0/1	0/0	0/0	0/1	0/1	0/1	0/1	0/1	1/1	0/0	0/0	0/1	0/0	0/1	0/0	0/0	0/0	0/1	0/0	0/0	0/1	0/0	0/1	0/1	0/0	0/0	0/0	1/1	0/1	0/0	0/0	0/1	0/1	0/1	0/1	0/0	0/0	0/1
rs10829163	0/0	0/1	0/0	0/0	0/1	0/0	0/1	1/1	0/1	0/0	0/1	1/1	0/0	0/0	0/0	0/0	0/0	0/0	0/1	0/0	0/0	0/1	0/0	0/0	0/0	0/0	0/0	0/0	0/0	0/0	0/0	0/1	0/0	0/1	0/1	0/1	0/1	0/0	0/0	0/1	0/1	0/0	0/0	0/0	0/0	0/0	0/1	0/1	0/1	0/0	0/0	0/0	0/0	0/0	0/0	0/0	0/1	0/1	0/0	0/1	0/1	0/0	0/0	1/1	1/1	0/1	0/0
rs10911825	0/1	0/1	0/0	0/0	0/0	0/1	0/1	0/0	0/0	0/1	0/1	0/0	0/0	0/1	0/1	0/0	1/1	0/0	1/1	0/1	0/0	0/1	0/0	0/1	0/1	0/1	0/1	0/0	0/1	0/1	0/1	0/0	0/0	0/0	0/1	0/1	0/0	0/0	1/1	0/1	0/0	0/1	0/0	0/0	0/1	1/1	0/1	0/1	0/1	0/1	0/1	0/0	0/1	0/1	0/1	0/1	0/0	0/0	0/1	0/0	0/1	0/0	0/1	0/1	0/0	0/1	0/0
rs11568351	0/1	0/1	0/1	0/0	0/1	0/1	1/1	0/0	1/1	0/0	0/0	0/1	0/0	0/0	0/1	0/0	0/1	0/0	0/0	0/1	0/0	0/0	1/1	0/1	0/1	0/1	0/0	0/0	0/0	0/0	0/0	0/1	0/1	0/0	1/1	0/0	0/0	0/0	0/0	0/1	0/0	0/0	0/0	0/1	0/0	0/0	0/1	0/1	0/1	0/0	0/0	0/1	0/1	0/1	0/0	0/1	0/0	0/0	0/0	0/0	0/0	0/0	1/1	0/1	0/1	1/1	0/1
rs10814431	0/1	0/1	0/1	0/0	0/1	0/0	0/1	0/0	0/0	1/1	0/0	0/0	0/0	0/1	0/1	0/1	0/0	0/0	0/0	0/1	0/1	0/1	0/0	0/1	0/0	0/0	0/0	0/1	0/0	0/0	0/0	0/1	1/1	0/0	0/0	0/0	0/1	0/1	0/1	0/0	1/1	0/1	0/0	0/0	0/0	0/0	0/0	0/0	0/0	0/0	0/1	0/1	0/1	0/1	0/0	0/1	0/0	0/0	0/1	0/0	0/0	0/0	0/1	0/1	0/0	0/1	0/0
rs16939357	0/0	0/1	0/0	0/0	0/0	0/0	0/0	0/1	0/1	0/1	0/0	0/1	0/0	0/0	0/0	0/0	0/0	1/1	0/1	0/1	0/0	0/0	0/1	0/0	0/0	0/0	0/1	0/0	0/1	0/1	0/0	0/0	0/1	0/1	0/1	0/0	0/1	0/0	0/0	0/1	0/1	0/0	0/1	0/0	0/1	0/0	0/1	0/0	0/0	0/0	0/0	0/0	0/0	0/0	0/0	0/0	0/0	1/1	0/0	0/0	0/0	0/0	0/1	0/0	0/0	0/0	0/0
rs3852673	0/0	0/0	0/1	0/1	0/0	0/1	0/0	0/1	0/0	0/0	0/0	0/1	0/1	0/0	0/1	0/1	0/0	0/1	0/0	0/0	0/1	0/0	0/0	0/0	0/0	0/0	0/1	0/0	0/0	0/0	0/1	0/0	0/0	0/0	0/1	0/0	0/0	0/1	0/0	0/0	0/1	0/1	0/0	0/0	1/1	0/1	0/0	0/1	0/0	0/0	0/0	0/0	0/0	0/0	0/0	0/0	0/1	0/1	0/0	0/0	1/1	0/0	0/1	0/0	0/0	0/0	0/0
rs3792269	0/0	0/0	0/0	0/0	0/0	0/0	0/1	0/0	0/0	0/0	0/0	0/0	0/0	0/0	0/0	0/0	0/0	0/0	0/0	0/1	0/1	0/1	0/0	0/1	0/1	0/0	0/0	0/0	0/0	0/1	0/0	0/1	0/0	0/0	0/0	0/0	0/0	0/0	0/1	0/0	0/0	0/1	0/0	0/1	0/1	0/0	0/0	0/1	0/1	0/1	0/0	0/0	0/0	0/0	0/0	0/0	0/0	0/1	0/1	0/1	0/1	0/0	0/0	0/1	0/0	0/0	0/0
rs13385188	0/0	0/0	0/0	0/0	0/0	0/0	0/0	0/0	0/1	0/1	0/0	0/0	0/1	0/0	0/1	0/0	0/0	0/1	0/1	0/1	0/0	0/0	0/0	0/0	0/1	0/0	0/0	0/0	1/1	0/1	0/0	0/1	0/1	0/1	0/0	0/0	0/1	1/1	0/0	0/1	0/1	0/0	0/0	0/0	0/0	0/0	0/0	0/0	1/1	0/0	0/0	0/0	0/1	0/0	0/0	0/0	0/0	0/0	0/1	0/0	0/1	0/0	0/0	0/1	0/1	0/0	0/0
rs56174824	0/0	0/0	0/0	0/1	0/0	0/0	0/0	0/0	0/0	0/0	0/1	0/1	0/1	0/0	0/0	0/0	0/0	0/0	0/0	0/0	0/0	0/0	0/1	0/1	0/0	0/0	0/1	0/0	0/0	0/0	0/1	0/0	0/1	0/0	0/0	0/0	0/0	0/0	0/0	0/0	0/0	1/1	0/0	0/0	0/1	0/1	0/1	0/1	0/0	0/0	0/1	0/0	0/0	0/0	0/0	0/0	0/0	0/0	0/0	0/0	1/1	0/0	0/1	0/0	0/0	0/0	0/0
rs564533	0/0	0/0	0/0	0/1	0/0	0/0	0/0	0/0	0/0	0/0	1/1	1/1	0/0	0/0	0/0	0/0	0/0	0/0	0/0	0/0	0/0	0/0	0/0	0/1	0/0	0/1	0/0	0/0	0/1	0/1	0/0	0/0	0/0	0/0	0/0	0/0	0/0	0/0	0/0	0/0	0/0	0/0	0/0	0/0	0/0	0/0	0/0	0/0	0/0	0/0	0/0	0/0	0/0	0/0	0/0	0/0	0/0	0/0	0/0	0/0	0/0	0/0	0/0	0/1	0/0	0/0	0/0
rs2304670	0/0	0/0	0/0	0/1	0/0	0/0	0/0	0/0	0/1	0/1	0/0	0/0	0/0	0/0	0/0	0/1	0/0	0/1	0/1	0/0	0/0	0/0	0/0	0/0	0/1	0/0	0/0	0/0	0/0	0/1	0/0	0/0	0/0	0/0	0/1	0/0	0/1	0/0	0/0	0/0	0/1	0/0	0/0	0/0	0/0	0/0	0/1	0/0	0/0	0/0	0/0	0/0	0/0	0/1	0/0	0/0	0/0	0/1	0/0	0/0	0/0	0/1	0/0	0/1	0/1	0/0	0/0
rs1805050	0/1	0/0	0/0	0/1	0/0	0/0	0/1	0/0	0/1	0/0	0/0	1/1	0/0	1/1	0/1	0/0	0/0	0/1	0/0	0/0	0/1	0/1	0/1	0/1	0/0	0/0	0/1	0/1	0/1	0/0	0/0	0/0	0/1	0/1	0/0	0/1	0/0	0/0	0/0	0/0	0/0	1/1	0/1	0/0	0/1	0/1	0/0	0/0	0/1	0/1	0/1	0/0	0/0	0/0	0/0	0/0	0/1	0/0	0/1	0/0	0/1	0/0	0/1	0/0	0/0	0/1	0/1
rs75579703	0/1	0/0	0/0	0/1	0/1	0/0	0/1	0/0	0/0	0/0	0/1	0/0	0/1	0/0	0/0	0/0	0/0	0/0	0/0	0/0	0/1	0/0	0/0	0/0	0/1	0/0	0/0	0/1	0/1	0/1	0/0	0/1	0/0	0/0	0/1	0/0	0/0	0/0	0/0	0/0	0/0	0/0	0/0	0/0	0/1	0/0	0/0	0/0	0/1	0/0	0/0	0/0	0/0	0/1	0/0	0/1	0/0	0/0	0/0	0/0	0/0	0/0	0/0	0/0	0/1	0/0	0/0
rs17116350	0/0	0/0	0/1	0/0	0/1	0/0	0/1	0/0	0/1	0/1	0/0	0/0	0/0	0/0	1/1	0/0	0/0	0/0	0/0	0/0	0/1	0/1	0/0	0/0	0/0	0/0	0/1	0/1	0/0	0/1	0/0	0/1	0/1	1/1	0/0	0/1	0/0	0/1	0/1	0/0	1/1	0/0	0/0	0/0	0/0	0/1	0/0	0/0	0/0	0/0	0/0	0/1	0/0	0/0	0/1	0/1	0/1	0/0	0/1	0/1	0/0	0/1	0/0	0/1	0/0	1/1	0/1
rs2234909	0/0	0/0	0/0	0/0	0/0	0/1	0/0	0/1	0/0	0/1	0/1	0/0	0/0	0/0	0/1	0/1	0/0	0/0	0/0	0/0	0/0	0/1	1/1	0/1	0/1	0/0	0/0	0/0	0/0	0/1	0/0	0/0	0/0	0/0	0/0	0/0	0/1	0/0	0/1	0/1	0/0	0/0	0/0	0/1	0/0	0/0	0/0	0/0	0/0	0/0	0/0	0/1	0/1	0/0	0/0	0/0	0/0	0/0	1/1	0/0	0/1	0/0	0/0	0/0	0/1	0/0	0/1
rs3817362	0/1	0/0	0/0	0/1	0/0	0/0	0/0	1/1	0/0	0/0	0/0	0/0	0/0	0/0	0/0	0/1	0/0	0/0	0/0	0/0	0/0	0/1	0/0	0/0	0/0	0/0	0/0	0/0	0/1	0/0	0/0	0/0	0/0	0/0	0/0	0/0	0/0	0/0	0/0	1/1	0/0	0/1	0/0	0/0	0/1	0/0	0/1	0/0	0/1	1/1	0/0	0/0	0/0	0/0	0/0	0/0	0/0	0/0	0/0	0/1	0/1	0/1	0/0	0/0	0/0	0/0	0/0
rs3087971	0/0	0/0	0/0	0/0	0/0	0/1	0/0	0/0	0/1	0/1	0/0	0/0	1/1	0/1	0/0	0/0	1/1	0/1	0/0	0/1	0/1	0/0	0/1	0/1	1/1	0/0	0/0	0/0	0/0	0/0	0/0	0/0	0/0	0/0	0/0	0/1	1/1	0/0	0/1	0/0	0/0	0/0	0/0	0/0	0/1	0/0	0/0	0/0	0/1	0/0	0/0	0/0	0/1	0/1	0/1	0/1	0/1	0/1	0/0	0/0	0/0	0/1	0/1	0/1	0/1	0/1	0/1
rs1522384	0/0	0/0	1/1	1/1	0/1	0/1	0/0	0/0	1/1	1/1	0/1	0/0	0/1	0/1	0/1	0/1	0/0	1/1	1/1	1/1	0/0	0/1	0/1	0/1	1/1	0/1	0/0	1/1	0/1	0/0	0/1	0/1	1/1	0/1	0/0	0/0	1/1	0/0	0/1	0/0	1/1	1/1	0/0	0/0	0/1	0/1	0/1	0/0	1/1	0/0	0/1	0/1	0/0	1/1	1/1	0/1	0/0	0/1	0/1	0/1	1/1	0/1	0/1	0/1	0/0	0/1	0/0
rs1050301	0/1	0/1	0/1	0/0	0/0	0/1	0/0	0/1	0/0	0/0	0/0	0/0	0/0	0/0	0/0	0/0	0/0	0/1	0/1	0/1	0/0	0/1	0/0	1/1	0/0	0/0	0/0	0/0	0/0	0/1	0/1	0/1	0/1	0/1	0/1	0/0	0/1	0/0	0/1	0/1	0/0	0/0	0/0	1/1	0/0	0/1	0/0	0/1	0/1	0/1	0/0	0/0	0/1	0/0	0/1	0/1	0/1	0/1	1/1	0/0	0/1	0/0	0/1	0/1	0/0	0/1	0/1
rs1805126	0/0	0/0	0/0	0/0	0/1	0/0	0/0	0/1	0/0	0/1	0/0	0/0	0/1	0/1	0/0	0/1	0/1	0/0	1/1	0/1	0/1	0/1	0/0	0/0	0/0	0/0	0/0	0/1	0/1	0/1	0/1	0/0	0/1	0/1	0/1	0/1	1/1	1/1	0/1	0/1	0/1	0/0	1/1	0/0	0/0	1/1	0/0	0/1	0/1	0/1	0/0	0/0	0/1	0/1	0/0	0/1	0/1	0/0	0/1	0/0	0/1	0/1	0/1	1/1	0/1	0/0	0/1
rs6691117	0/0	0/0	0/1	0/0	0/0	0/0	1/1	0/1	0/1	0/1	0/1	0/0	0/0	0/1	0/0	0/0	0/0	0/0	0/0	0/0	0/0	0/0	0/0	0/0	0/0	0/0	0/1	0/1	0/0	0/0	0/0	0/0	0/1	0/1	0/1	0/0	0/0	0/0	0/1	0/0	0/0	0/0	0/0	0/1	1/1	0/0	0/0	0/0	0/0	0/1	0/0	0/1	0/0	0/0	0/1	0/1	0/0	0/0	0/0	0/0	0/0	0/0	0/0	0/1	0/0	0/0	0/0
rs3755863	0/0	0/1	0/1	0/1	0/0	0/1	0/0	1/1	0/0	0/0	0/0	0/1	0/0	0/0	0/1	0/1	0/0	0/0	0/0	0/1	0/0	0/0	0/0	0/0	0/0	1/1	0/0	0/1	0/1	0/0	0/1	0/1	0/1	0/1	0/0	0/0	0/1	0/0	0/0	0/0	0/1	0/1	0/0	0/1	0/0	0/1	0/0	0/1	1/1	0/1	0/0	0/0	0/1	0/1	0/0	0/1	0/1	0/0	0/1	0/1	0/1	0/0	0/1	0/0	0/0	0/1	0/0
rs16850131	0/1	0/0	0/0	0/1	0/1	0/0	0/1	0/0	0/0	0/0	0/0	1/1	0/1	0/0	0/0	0/0	0/0	0/1	0/1	0/1	0/0	0/0	0/0	0/1	0/0	0/0	0/0	0/0	0/0	0/0	0/0	0/1	0/0	0/0	0/0	0/0	0/0	0/0	0/0	0/0	1/1	0/1	0/0	0/0	0/0	0/0	0/0	0/0	0/0	0/0	0/1	0/0	0/0	0/0	0/0	0/0	0/0	0/1	0/0	0/1	0/0	0/0	0/0	0/0	0/0	0/0	0/0
rs6546836	0/1	0/1	0/0	1/1	0/1	0/1	1/1	0/0	0/0	0/1	1/1	0/0	0/1	0/0	0/1	0/0	0/1	0/1	0/0	0/1	0/0	0/0	0/1	0/0	0/1	0/0	0/0	0/0	0/0	0/1	0/1	0/1	0/0	0/0	0/1	0/0	0/0	0/0	0/1	0/0	0/0	0/1	0/1	0/0	0/1	0/0	0/0	0/0	0/1	0/0	0/0	0/0	0/0	0/1	0/0	0/0	0/0	0/1	1/1	0/0	0/0	0/0	0/0	0/0	0/0	0/1	0/0
rs41541216	0/1	0/1	0/1	0/0	0/0	0/1	0/1	0/0	0/0	0/1	0/0	0/0	0/0	0/0	0/1	0/1	0/0	0/1	0/1	0/0	0/0	0/0	0/0	0/0	0/1	0/0	0/0	0/0	0/1	0/0	0/0	0/0	0/1	0/1	0/0	0/1	0/0	0/1	0/0	0/0	0/0	0/0	0/0	0/0	0/0	0/0	0/0	0/1	0/1	0/1	0/1	0/1	0/1	0/0	0/0	0/0	0/1	0/1	0/1	0/0	0/1	0/1	0/0	0/0	0/0	0/1	0/1
rs141256626	0/0	0/0	0/0	0/1	0/0	0/0	0/1	0/0	0/0	0/0	0/0	0/0	0/1	0/1	0/0	0/1	0/0	0/0	0/0	0/1	0/0	0/0	0/0	0/0	0/0	0/0	0/0	1/1	0/0	0/1	0/0	0/1	1/1	0/1	0/0	0/0	0/0	0/0	0/1	0/1	0/0	0/0	0/0	0/0	0/0	0/1	1/1	0/1	0/0	0/0	0/0	1/1	0/0	0/1	0/1	0/0	0/0	0/0	1/1	0/1	0/0	0/1	0/0	0/0	0/0	0/0	1/1
rs17301889	0/0	0/0	0/0	0/0	0/0	0/0	0/0	0/0	0/0	0/0	0/0	0/0	0/1	0/1	0/0	0/0	0/0	0/0	0/0	0/1	0/0	0/0	0/0	0/1	0/1	0/0	0/0	0/0	0/0	0/0	0/1	0/0	0/0	0/0	0/1	0/0	0/0	0/0	0/0	0/0	0/0	0/0	0/1	1/1	0/1	0/1	0/1	0/0	0/0	0/0	0/0	0/0	0/0	0/1	0/0	0/0	0/0	0/1	0/0	0/1	0/0	0/1	0/1	0/0	0/1	0/0	0/0
rs11136333	0/1	0/1	0/0	0/0	0/1	0/1	1/1	0/0	0/1	0/0	0/1	1/1	1/1	0/0	0/1	0/0	0/1	0/1	0/1	0/0	1/1	0/0	0/1	0/0	0/0	0/0	0/0	0/1	1/1	0/1	0/1	0/0	0/1	0/0	0/0	0/1	0/1	0/1	0/1	1/1	0/0	0/1	1/1	0/0	0/1	0/0	0/1	0/1	0/1	0/1	0/1	0/0	0/1	0/1	0/1	0/1	1/1	0/0	0/0	0/0	0/0	0/1	0/1	1/1	1/1	0/0	1/1
rs42360	0/1	0/0	0/0	0/0	0/0	0/1	0/0	0/0	0/0	0/1	0/0	0/0	0/0	0/0	0/0	0/0	0/0	0/0	0/1	0/0	0/1	0/0	0/0	0/0	0/1	0/1	0/0	0/1	0/0	0/1	0/0	0/0	0/1	0/1	0/0	0/0	0/0	0/0	0/1	0/1	0/1	0/0	0/1	0/0	0/0	0/0	0/1	0/1	0/0	0/1	0/1	0/0	0/0	0/1	1/1	0/0	0/1	0/0	0/0	0/0	0/1	0/0	0/0	0/1	0/1	0/1	1/1
rs3827848	0/1	0/0	0/0	0/1	0/1	0/0	0/0	0/0	0/0	0/1	0/0	0/0	0/0	0/0	0/0	0/0	0/0	0/1	0/0	0/1	0/0	0/0	1/1	0/0	0/1	1/1	0/1	0/0	0/1	0/0	0/1	0/0	0/0	0/1	0/0	0/0	0/0	0/0	0/0	0/1	0/0	0/1	0/0	0/0	0/0	0/1	0/0	0/0	0/1	0/0	0/0	0/1	0/0	0/1	0/0	0/0	0/0	0/0	0/0	0/1	0/0	0/0	0/0	0/1	0/1	0/0	0/1
rs11586985	0/0	0/0	0/0	1/1	0/0	0/0	0/0	0/0	0/0	0/0	0/0	0/0	0/1	0/1	0/0	0/0	0/0	0/0	0/0	0/1	0/1	0/1	0/1	0/1	0/0	0/1	0/0	0/1	0/1	0/0	0/0	0/0	0/0	0/0	0/0	0/1	0/0	0/1	0/0	0/0	0/0	0/1	0/0	0/0	0/0	0/1	0/0	0/0	0/1	0/1	0/0	0/0	0/0	0/0	0/0	0/0	0/0	0/0	0/0	0/1	0/0	0/0	0/0	0/0	0/0	0/0	0/0
rs11549809	0/1	0/1	0/0	1/1	0/1	0/1	0/0	1/1	0/1	0/0	0/1	0/1	0/0	1/1	0/1	0/1	0/1	0/1	0/0	0/0	0/1	1/1	0/1	1/1	0/0	0/1	0/1	0/0	0/0	1/1	0/1	0/0	0/1	1/1	0/0	0/0	0/1	0/1	0/0	0/1	0/1	0/0	0/1	1/1	0/0	0/1	0/0	0/0	1/1	0/0	0/0	0/1	0/1	0/1	0/0	0/1	0/0	0/0	0/0	0/1	0/1	0/0	0/0	0/0	0/0	0/0	0/1
rs2071307	1/1	0/1	0/1	0/0	1/1	0/0	0/1	0/1	0/0	0/1	0/1	0/0	0/1	1/1	0/0	0/1	0/1	0/1	0/0	0/1	0/1	0/1	0/0	0/1	0/1	0/1	1/1	0/0	0/0	1/1	0/1	0/0	0/1	0/1	0/1	0/1	0/1	0/1	1/1	0/0	0/0	0/0	0/1	1/1	1/1	1/1	0/1	0/0	0/0	0/0	0/1	0/0	1/1	1/1	0/0	0/1	1/1	0/1	0/0	1/1	0/1	0/0	0/1	0/0	0/1	0/1	0/1
rs4746	0/0	0/1	0/0	0/0	0/1	0/1	0/0	0/1	0/1	0/0	0/0	0/1	0/0	1/1	0/0	0/1	0/0	0/0	0/0	0/1	0/1	0/0	0/1	0/0	0/0	0/1	0/1	0/1	0/1	0/0	0/0	0/1	1/1	0/1	0/0	0/1	0/0	0/0	0/1	0/0	0/0	0/0	1/1	0/1	0/1	0/0	0/1	0/1	1/1	0/1	0/1	0/0	0/0	0/0	0/0	1/1	0/0	0/1	0/1	0/1	0/1	0/1	0/0	0/1	0/0	0/1	0/1
rs1061302	0/1	0/0	1/1	0/0	0/0	0/0	0/0	0/0	0/0	0/1	0/0	1/1	0/0	0/0	0/1	0/0	0/0	0/1	0/1	0/0	0/1	0/1	0/1	0/0	0/1	0/1	0/0	1/1	0/1	1/1	0/0	0/1	0/1	0/1	0/0	0/1	0/0	0/0	0/0	0/0	0/1	0/0	0/1	0/0	0/1	0/0	1/1	0/1	0/1	0/0	1/1	0/1	0/1	0/1	0/1	0/0	0/0	1/1	0/1	0/0	0/0	1/1	0/0	0/0	0/1	0/0	0/0
rs2562836	0/1	0/0	0/1	0/1	0/0	0/0	0/0	0/0	0/0	0/0	0/0	0/0	0/0	0/0	0/0	0/1	0/1	0/1	0/0	0/0	0/0	0/0	0/0	0/1	0/0	0/1	0/0	0/0	0/1	0/0	0/0	0/0	1/1	0/0	0/1	0/1	0/0	0/1	0/0	0/0	0/0	0/0	0/0	0/1	0/0	0/0	0/0	0/0	0/0	0/0	0/0	0/1	0/1	0/0	0/0	0/0	0/0	0/0	0/0	0/0	0/1	0/1	0/0	0/0	0/0	0/0	0/0
rs73036225	0/0	0/0	0/1	0/0	0/0	0/0	0/0	0/0	0/0	0/0	0/0	0/0	0/0	0/0	0/1	0/0	0/0	0/0	0/0	0/0	0/1	0/0	0/1	0/0	0/0	0/0	1/1	0/0	0/0	0/1	0/1	0/1	0/1	0/0	0/0	0/0	0/0	0/0	0/0	0/0	0/0	0/0	0/1	1/1	0/1	0/1	0/0	0/0	0/1	0/0	0/0	0/0	0/0	0/0	0/0	0/0	0/0	0/0	0/0	0/0	0/0	0/0	0/1	0/0	0/0	0/1	0/0
rs2230156	0/1	0/1	0/1	0/0	1/1	0/0	0/0	1/1	0/1	0/1	0/1	0/0	0/0	0/0	1/1	1/1	0/0	0/0	0/1	0/0	0/1	1/1	1/1	0/0	0/0	0/1	0/1	0/0	0/0	0/0	0/1	0/1	0/0	0/0	0/0	0/1	0/0	0/1	0/0	0/1	0/1	0/0	0/1	0/1	0/0	0/1	0/1	0/1	0/1	0/1	1/1	0/1	0/0	0/1	1/1	0/0	0/0	0/1	0/0	0/1	0/0	0/1	0/0	0/1	0/1	0/1	0/0
rs183889763	0/0	0/0	0/1	0/0	0/0	0/0	0/1	0/0	0/0	0/0	0/0	0/0	0/0	1/1	0/0	0/0	0/1	0/0	0/0	0/0	0/0	0/1	0/1	0/0	0/1	0/0	0/0	0/0	0/1	0/1	0/0	0/0	0/0	0/0	0/0	0/0	0/0	0/1	0/0	0/1	0/0	0/1	0/0	0/0	0/0	0/0	0/0	0/1	0/1	0/0	0/0	0/0	1/1	0/0	0/0	0/0	0/0	0/1	0/0	0/0	0/0	0/1	0/0	0/0	0/0	0/0	0/0
rs2302122	0/1	0/1	0/1	0/1	1/1	0/1	0/0	0/1	0/0	0/0	1/1	0/0	0/0	0/0	0/0	0/0	0/0	0/0	0/0	0/1	0/0	0/0	0/0	0/0	0/0	0/0	0/0	0/0	0/0	0/1	0/0	1/1	0/0	0/0	1/1	0/0	0/1	0/1	0/0	0/1	0/0	0/0	1/1	0/1	0/1	0/1	0/1	0/0	0/1	0/0	0/1	0/0	0/1	0/0	0/1	0/0	0/1	0/0	0/1	0/1	0/1	0/0	0/0	0/1	0/0	0/0	0/0
rs2297075	0/0	0/1	1/1	0/0	0/1	0/0	0/1	0/0	0/0	1/1	0/0	0/0	0/0	0/1	0/1	0/1	0/0	0/0	0/0	0/1	0/1	0/1	0/0	0/1	0/0	0/0	0/0	0/1	0/0	0/0	0/0	0/0	1/1	0/0	0/0	0/0	1/1	0/1	0/1	0/0	1/1	0/1	0/0	1/1	0/0	0/0	0/0	0/0	0/0	0/0	0/1	0/1	0/0	0/1	0/0	0/0	0/0	0/0	0/0	0/0	0/0	0/0	0/1	0/1	0/0	0/1	0/0
rs2230793	0/1	0/0	0/1	0/1	0/0	0/0	0/0	0/1	0/0	0/1	1/1	0/1	0/0	0/1	0/1	0/0	0/0	0/0	0/0	0/1	0/0	0/0	1/1	0/0	0/0	0/0	0/1	0/1	0/1	0/0	0/1	0/0	0/1	0/0	0/0	1/1	0/1	0/0	0/0	0/0	0/0	0/0	0/0	0/1	0/0	0/0	0/0	1/1	0/1	0/0	0/1	0/0	0/0	0/0	0/0	0/0	0/0	0/0	0/0	0/1	0/1	0/1	0/0	0/1	0/0	0/1	0/0
rs34967813	0/0	0/0	0/1	0/1	0/1	0/0	1/1	1/1	0/1	0/1	1/1	0/0	0/0	0/0	0/1	0/0	1/1	0/0	0/0	0/1	0/1	0/1	0/1	0/0	0/1	0/1	0/0	0/1	1/1	0/0	0/0	0/0	0/0	0/1	0/0	0/0	0/0	0/1	0/0	0/1	0/0	0/0	0/1	0/1	0/0	0/1	0/1	0/1	0/0	0/0	0/0	0/1	0/1	0/1	0/1	0/0	0/1	0/0	0/1	0/0	0/0	0/0	0/0	1/1	1/1	0/0	0/1
rs2450772	0/0	0/0	0/0	0/0	0/0	0/0	0/0	0/0	0/1	0/1	0/1	0/0	0/0	0/1	0/0	0/0	0/0	0/1	0/0	0/0	0/1	0/0	0/0	0/0	0/0	0/0	0/0	0/0	0/0	0/0	0/0	0/0	0/0	0/0	0/0	0/0	0/0	0/0	0/0	0/0	0/0	0/0	0/0	0/0	0/1	0/0	0/0	0/0	0/0	0/0	0/0	0/0	0/0	0/0	0/1	0/1	0/0	0/0	0/0	0/0	0/0	0/0	0/0	0/0	0/0	0/1	1/1
rs4688962	0/0	0/0	1/1	1/1	0/0	0/1	0/1	0/0	0/1	0/0	0/0	0/1	0/1	0/1	1/1	0/1	0/1	1/1	0/1	0/0	0/0	0/1	1/1	1/1	1/1	0/0	0/0	1/1	0/1	0/1	0/1	0/1	1/1	0/1	0/1	0/0	0/0	0/0	0/0	0/0	0/0	1/1	1/1	0/1	0/0	1/1	0/0	0/1	0/0	0/0	0/0	1/1	0/0	0/1	1/1	0/1	0/1	0/1	0/0	0/0	0/1	1/1	0/1	1/1	0/1	0/1	1/1
rs2411530	0/1	0/1	0/0	0/0	0/0	0/1	0/1	0/0	0/0	1/1	0/0	0/1	0/0	0/1	0/0	0/1	0/1	0/1	0/0	0/0	0/0	0/0	0/0	0/1	0/1	0/0	0/1	0/0	1/1	0/1	0/0	0/1	0/0	0/1	0/1	0/0	0/0	0/0	0/1	0/0	0/1	0/0	0/0	0/0	0/0	0/1	1/1	0/0	0/1	0/0	0/0	0/1	0/0	0/1	0/0	0/0	0/0	0/1	0/1	0/1	0/1	0/0	0/1	0/1	0/0	0/0	0/0
rs3732379	0/1	0/0	0/1	0/0	0/0	0/0	0/0	1/1	0/0	1/1	0/0	0/0	0/0	0/0	0/0	0/0	0/0	0/0	0/0	0/1	0/0	0/1	0/1	0/0	0/0	0/0	0/0	0/1	0/0	0/0	0/0	0/0	0/0	0/0	0/1	0/0	0/1	0/0	0/0	0/0	0/1	0/0	0/1	0/0	0/1	0/0	0/1	0/1	0/0	0/0	0/0	0/0	0/0	0/0	0/0	0/1	1/1	1/1	0/0	0/0	0/0	0/0	0/0	0/0	1/1	0/0	0/1
rs7411607	0/0	0/0	0/1	0/0	0/0	0/0	0/0	0/0	0/0	0/0	0/1	0/0	0/0	1/1	0/0	0/0	0/0	0/0	0/0	0/0	0/0	0/0	0/0	0/0	0/0	0/0	0/0	0/0	0/0	1/1	0/1	0/0	0/0	0/0	0/0	0/0	0/0	0/1	0/0	0/0	0/0	0/0	0/1	0/1	0/0	0/1	0/0	0/0	0/1	0/0	0/0	0/0	0/0	0/0	0/0	1/1	0/0	0/1	0/0	0/1	0/0	0/0	0/0	0/0	0/0	0/1	0/1
rs3734972	0/0	0/0	0/0	0/0	0/0	0/1	0/0	0/0	0/0	0/0	0/0	0/0	0/0	0/0	0/0	0/0	0/0	0/0	0/0	0/0	0/0	0/0	0/1	0/0	0/1	0/0	0/0	0/1	0/0	0/0	0/0	0/0	0/0	0/0	0/0	0/0	0/1	0/0	0/0	0/0	0/0	0/0	0/0	0/0	0/0	0/0	0/0	0/1	0/0	0/0	0/0	0/1	0/0	0/0	0/1	0/0	0/0	0/1	0/0	0/0	0/0	0/0	0/0	0/0	0/0	0/1	0/0
rs2072493	0/0	0/1	0/1	0/0	0/0	0/1	0/0	0/0	0/1	0/1	1/1	0/1	0/0	0/0	0/0	0/0	0/1	0/0	0/0	0/0	0/0	0/0	0/0	0/0	0/0	0/1	0/0	0/0	0/0	0/0	0/0	0/0	0/1	0/0	0/0	0/0	0/0	0/1	0/1	0/0	0/1	0/0	0/0	0/0	0/1	0/0	0/0	0/1	0/0	0/0	0/0	0/1	0/0	0/0	0/0	0/0	0/1	0/1	0/0	0/0	0/0	0/0	1/1	0/1	0/0	0/0	0/0
rs1383180	0/1	0/1	0/0	0/0	0/1	0/0	0/0	1/1	0/0	1/1	1/1	1/1	0/1	0/0	0/1	0/1	0/1	0/0	0/0	0/0	0/1	0/0	0/0	0/0	0/0	0/1	0/1	0/0	0/1	1/1	1/1	0/1	0/0	1/1	0/0	0/1	0/1	0/1	1/1	0/1	1/1	0/0	0/0	0/0	1/1	0/0	0/0	0/0	1/1	1/1	0/0	0/0	1/1	1/1	0/1	0/1	0/0	0/1	0/0	1/1	1/1	0/0	0/1	0/0	0/1	0/1	0/0
rs8176746	0/1	0/0	0/0	0/0	0/0	0/0	0/0	0/0	0/0	0/0	0/0	0/0	1/1	0/0	0/0	0/0	0/1	0/0	0/1	0/0	0/0	0/0	0/1	1/1	0/1	0/0	0/0	0/0	0/0	0/0	0/1	0/0	0/1	0/0	0/1	0/0	0/0	0/0	1/1	0/0	0/0	0/0	0/0	0/0	0/0	0/1	0/0	0/0	0/0	0/0	0/0	0/1	0/0	0/0	0/0	0/0	0/1	0/1	0/0	0/0	0/0	0/0	0/0	0/0	0/0	0/0	0/0
rs10509306	0/1	0/0	0/0	0/1	0/0	0/0	0/0	0/1	1/1	0/0	0/1	0/1	0/0	0/1	0/0	0/0	0/1	0/0	1/1	0/0	0/0	0/1	0/1	0/0	1/1	0/0	0/0	0/1	0/1	0/0	1/1	0/0	0/1	0/0	0/0	0/0	0/1	0/0	0/1	0/1	0/0	0/0	1/1	0/0	0/1	0/0	1/1	0/0	0/0	0/0	0/0	0/0	0/0	0/0	0/0	0/1	0/0	0/1	0/0	0/0	0/0	0/1	0/0	0/0	0/1	0/0	0/0
rs10971019	0/0	0/1	0/0	0/0	0/0	1/1	0/0	0/0	0/1	0/1	0/0	0/1	0/0	0/1	0/0	0/0	1/1	0/1	0/0	0/0	0/0	0/1	1/1	0/1	0/0	0/0	0/0	0/0	0/1	0/1	0/1	0/1	0/0	0/1	1/1	0/1	0/0	0/0	0/1	0/0	0/1	0/0	0/1	0/0	0/1	0/0	1/1	0/0	0/1	0/0	0/0	0/1	0/0	0/0	0/0	0/0	1/1	0/0	0/0	0/0	0/1	0/0	0/0	0/1	0/0	0/0	0/1
rs34471231	0/0	0/0	0/1	0/0	0/0	0/0	0/0	0/0	0/0	0/0	0/1	0/0	0/0	1/1	0/0	0/0	0/0	0/0	0/0	0/0	0/0	0/0	0/0	0/0	0/0	0/0	0/0	0/0	0/0	1/1	0/1	0/0	0/0	0/0	0/0	0/0	0/0	0/1	0/0	0/0	0/0	0/0	0/1	0/1	0/0	0/1	0/0	0/0	0/1	0/0	0/0	0/0	0/0	0/0	0/0	1/1	0/0	0/1	0/0	0/1	0/0	0/0	0/0	0/0	0/0	0/1	0/1
rs4915476	0/1	0/1	0/0	0/1	0/0	0/0	0/0	0/1	0/0	0/0	1/1	0/1	0/1	0/1	0/1	0/0	0/0	0/1	0/0	0/0	0/0	0/0	0/0	0/1	1/1	0/0	0/0	0/1	1/1	0/0	0/1	0/0	0/1	0/0	0/1	0/1	0/0	0/0	0/0	0/0	0/1	0/0	0/1	0/1	1/1	0/1	0/1	0/0	0/1	0/0	0/0	0/0	0/0	0/0	0/1	0/1	0/1	0/0	0/0	0/0	0/0	0/1	0/0	0/0	0/0	0/0	0/0
rs16846616	0/1	0/0	0/0	0/0	0/0	0/0	0/0	0/0	0/0	0/0	0/0	0/1	0/0	0/0	0/1	0/1	0/0	0/0	0/0	0/1	0/1	0/0	0/0	0/0	0/0	0/1	1/1	0/0	0/1	0/0	0/1	0/1	0/0	0/1	0/1	0/0	0/0	0/1	0/0	0/0	0/0	0/0	0/0	0/0	0/0	0/0	0/0	0/0	0/0	0/0	0/0	0/0	0/0	0/1	0/0	0/0	0/0	0/0	0/0	0/0	0/0	0/0	0/1	0/0	0/0	0/1	0/0
rs79451216	0/0	0/0	0/0	0/0	0/0	0/0	0/0	0/1	0/0	0/1	0/0	0/0	0/1	0/0	0/0	0/0	0/0	0/0	0/1	0/0	0/0	0/1	0/0	0/0	0/1	0/1	0/0	0/0	0/0	0/0	0/0	0/0	0/0	0/1	0/1	0/0	0/1	0/1	0/0	0/0	0/1	0/0	0/0	0/0	0/0	0/0	0/1	0/1	0/0	0/1	0/1	0/0	0/1	0/1	0/0	0/1	0/0	0/1	0/0	0/0	0/0	0/1	0/0	0/0	0/0	0/1	0/0
rs28377576	0/0	0/0	0/0	0/0	0/0	0/0	0/1	0/0	0/0	0/0	0/0	1/1	0/0	0/0	0/0	1/1	0/0	0/0	0/0	0/0	0/0	0/0	0/0	0/0	0/0	0/1	0/0	0/0	0/0	0/0	0/0	0/0	0/0	0/0	0/0	0/0	0/0	0/0	0/0	0/0	0/0	0/0	0/0	0/1	0/0	0/1	0/0	0/0	0/0	0/0	0/0	0/0	0/0	0/0	0/0	0/0	0/0	0/0	0/1	0/0	0/0	0/0	0/0	0/0	0/0	0/0	0/1
rs12115325	0/0	0/1	0/1	0/1	0/0	0/1	0/1	1/1	0/0	0/1	0/0	0/0	0/0	0/1	0/1	0/0	0/0	0/1	0/0	0/1	0/1	0/1	0/0	0/1	0/1	0/0	0/0	0/0	0/1	0/0	0/1	0/1	1/1	0/0	0/0	0/1	0/1	0/1	0/1	0/0	0/1	0/1	0/0	0/0	1/1	0/1	0/1	0/1	1/1	0/0	0/0	0/0	0/0	0/0	0/0	0/1	0/1	0/0	0/1	0/0	1/1	0/1	0/1	0/0	0/1	0/0	0/0
rs17134592	0/0	0/0	0/0	0/0	0/0	0/0	0/0	0/1	0/0	0/0	0/0	0/1	0/0	0/0	0/0	0/0	0/0	0/0	0/0	0/0	0/1	0/1	0/0	0/0	0/0	0/1	0/0	0/1	0/0	0/0	0/0	0/0	0/1	0/1	0/1	0/0	0/0	0/0	0/1	0/1	0/0	0/0	0/0	0/0	0/0	0/0	0/1	0/1	0/0	1/1	0/0	0/1	0/1	0/0	0/0	0/1	0/0	0/0	0/1	0/0	0/0	0/0	0/0	0/0	0/0	0/0	0/0
rs1130534	0/1	0/0	0/1	0/1	0/0	0/0	0/1	0/0	0/1	0/0	0/1	0/0	0/1	0/0	0/0	0/0	0/1	0/1	0/0	0/1	0/0	0/0	0/0	0/0	0/1	0/0	0/0	0/1	0/0	0/1	0/0	0/0	0/0	0/0	0/0	0/0	0/0	0/0	0/0	0/0	0/0	0/1	0/0	0/0	0/1	0/0	0/1	0/0	0/0	0/1	0/0	0/0	0/0	0/1	0/0	0/0	0/1	0/0	0/0	0/0	0/1	0/0	1/1	0/0	0/0	0/0	0/0
rs2275155	0/0	0/0	0/0	0/1	0/1	0/0	0/0	0/1	0/0	0/0	0/0	0/1	1/1	0/1	0/1	0/0	0/1	0/1	0/0	0/0	0/0	0/1	0/0	0/0	0/0	0/1	0/1	0/0	0/0	0/1	0/0	0/0	0/0	0/1	0/0	0/1	1/1	0/1	0/0	0/1	0/0	0/1	1/1	0/0	0/0	0/1	1/1	0/0	0/1	0/1	0/0	0/1	0/1	0/0	0/1	0/1	0/0	0/0	0/1	0/1	0/0	0/0	1/1	1/1	0/0	1/1	0/1
rs1805072	0/0	0/0	0/1	0/0	0/0	0/1	0/1	0/1	0/0	0/0	0/0	0/0	0/0	0/0	0/0	0/0	0/0	0/0	0/1	0/0	0/1	0/1	0/0	0/1	0/0	1/1	0/0	0/1	0/0	0/0	1/1	0/1	0/0	0/0	0/0	0/0	0/0	0/0	0/0	0/0	0/1	0/1	0/1	0/0	0/1	0/0	0/0	0/0	0/0	0/1	0/0	0/0	0/0	0/0	0/1	0/0	0/1	0/0	0/0	0/0	0/0	0/0	0/0	1/1	0/0	0/0	0/0
rs56249943	0/0	0/0	0/0	0/1	0/0	0/0	0/0	0/0	0/0	0/0	0/0	0/0	0/0	0/1	0/1	0/1	0/0	0/0	0/0	0/0	0/0	0/0	0/1	0/1	0/0	0/0	0/0	0/1	0/0	0/0	0/0	0/0	0/0	0/0	0/1	0/0	0/1	1/1	0/0	0/0	0/0	0/0	0/0	0/0	0/0	0/1	0/1	0/0	0/0	0/0	0/0	0/1	0/0	0/0	0/0	0/0	0/0	0/0	0/1	0/0	0/0	0/0	0/0	0/0	0/0	0/0	0/0
rs1801968	0/0	0/0	0/0	0/0	0/1	0/0	0/0	0/0	0/0	0/0	0/0	0/1	0/0	0/0	0/1	0/0	1/1	0/0	0/0	0/0	0/1	1/1	0/1	0/0	0/1	0/1	0/1	0/0	0/0	0/1	0/0	0/0	0/1	0/1	0/0	0/1	0/1	0/0	0/0	0/0	0/0	0/0	0/0	0/1	0/0	0/1	0/1	0/1	0/1	0/0	0/0	0/0	0/0	0/1	0/1	0/0	0/1	0/0	0/1	0/1	0/0	0/0	0/0	0/0	0/0	0/0	0/0
rs1140366	0/0	0/0	0/0	0/0	0/0	0/0	0/0	0/0	0/0	0/0	0/1	0/0	0/0	0/1	0/0	0/0	0/0	0/0	0/1	0/0	0/1	0/1	0/1	0/1	0/0	0/0	0/1	0/0	0/0	0/0	0/0	0/0	0/0	0/1	0/0	0/0	0/0	0/1	0/0	0/0	0/0	0/0	0/0	0/0	0/1	0/0	0/0	1/1	0/0	0/0	0/0	0/0	0/0	0/0	0/1	0/0	0/0	0/0	0/0	0/0	0/0	0/0	0/0	0/0	0/0	0/0	0/0
rs1131400	0/1	0/1	0/0	0/0	0/0	0/1	0/0	0/1	0/1	0/0	0/0	0/0	0/1	0/0	0/0	0/0	0/0	0/1	0/0	0/0	0/0	0/1	0/0	0/1	0/0	0/0	0/1	0/1	0/1	0/0	0/1	0/0	0/0	0/0	0/1	0/1	0/1	0/0	0/0	0/0	0/0	0/1	0/0	0/0	0/0	0/0	0/0	0/1	0/1	0/0	0/1	0/0	0/0	0/0	0/0	0/0	0/0	0/0	0/1	0/0	1/1	0/0	0/0	0/1	0/0	0/0	0/0
rs202027697	0/1	0/0	0/0	0/0	0/0	0/0	0/0	0/1	0/0	0/1	0/0	0/0	0/1	0/0	0/0	0/0	0/0	0/0	0/1	0/0	0/0	0/1	0/0	0/0	0/1	0/1	0/0	0/0	0/0	0/0	0/0	0/0	0/0	0/0	0/1	0/0	0/1	0/1	0/0	0/0	0/1	0/0	0/0	0/0	0/0	0/0	0/1	0/1	0/0	0/1	0/1	0/0	0/1	0/1	0/0	0/1	0/0	0/1	0/0	0/0	0/0	0/1	0/0	0/0	0/0	0/1	0/0
rs12043009	0/0	0/1	0/0	0/0	0/0	0/1	0/0	0/0	0/1	0/0	0/0	0/0	0/0	0/0	0/0	0/1	0/1	0/0	0/1	0/1	0/0	0/0	0/1	0/0	0/0	0/1	0/0	0/0	0/0	0/0	0/0	0/0	0/0	0/0	0/0	0/0	0/0	0/0	0/1	0/0	0/0	0/0	0/0	0/0	0/0	0/1	0/0	0/0	1/1	0/0	0/0	0/0	0/1	0/0	0/0	0/0	0/0	0/0	0/1	0/0	0/0	0/0	0/0	0/1	0/0	0/1	0/0
rs2228171	0/0	1/1	0/0	0/0	0/1	0/1	0/0	0/1	0/1	1/1	0/0	0/0	1/1	0/1	0/0	0/1	0/1	0/0	0/1	0/0	0/0	0/0	0/1	0/0	0/1	0/1	0/1	0/0	0/1	0/1	0/0	0/0	0/1	0/1	1/1	0/0	0/1	0/0	1/1	1/1	0/0	0/0	1/1	0/1	0/1	0/1	0/0	1/1	0/0	0/0	0/1	0/1	1/1	0/0	0/1	0/1	0/1	0/1	0/1	0/1	0/1	0/0	0/1	0/0	0/1	0/1	0/1
rs11166964	0/1	0/0	1/1	0/0	0/1	0/0	0/0	0/0	0/0	0/0	0/0	0/1	0/0	0/0	0/0	0/0	0/1	0/1	0/0	0/0	0/0	0/0	0/1	0/0	0/0	0/0	0/0	0/0	0/0	0/0	0/0	0/1	0/1	0/0	0/0	0/1	0/0	0/0	0/0	0/0	0/0	0/1	0/0	0/1	0/0	0/0	0/0	0/0	0/0	0/0	0/0	0/0	0/1	0/1	0/1	0/1	0/1	0/1	0/1	0/1	0/1	0/0	0/0	0/0	0/0	0/0	0/0
rs9427714	0/1	0/1	0/1	0/0	0/1	0/0	0/0	0/0	0/0	0/1	0/0	0/0	0/0	0/0	0/1	0/1	0/1	0/0	0/0	0/0	0/0	0/1	1/1	0/0	0/0	0/1	0/1	0/1	0/0	1/1	0/0	0/0	0/0	0/1	0/1	0/0	0/1	0/1	0/1	0/1	0/0	1/1	0/1	0/1	0/0	0/1	0/0	0/0	0/1	1/1	0/1	0/0	1/1	0/1	0/1	0/0	0/0	1/1	0/1	0/1	0/0	0/0	0/1	1/1	0/1	0/1	0/1
rs78067484	0/0	0/0	0/0	0/0	0/0	0/0	0/0	0/1	0/0	0/1	0/0	0/0	0/1	0/0	0/0	0/0	0/0	0/0	0/1	0/0	0/0	0/1	0/0	0/0	0/1	0/1	0/0	0/0	0/0	0/0	0/0	0/0	0/0	0/1	0/1	0/0	0/1	0/1	0/0	0/0	0/1	0/0	0/0	0/0	0/0	0/0	0/1	0/1	0/0	0/1	0/1	0/0	0/1	0/1	0/0	0/1	0/0	0/1	0/0	0/0	0/0	0/1	0/0	0/0	0/0	0/1	0/0
rs72471101	0/1	0/0	0/0	0/0	0/0	0/0	0/0	0/1	0/0	0/0	0/1	0/0	0/0	0/0	0/0	0/0	0/0	0/0	0/0	0/0	0/0	0/0	0/0	0/1	0/0	0/0	0/0	0/0	0/0	0/0	0/1	0/0	0/0	0/1	0/1	0/0	0/1	0/0	0/0	0/1	0/0	0/0	0/0	0/1	0/0	0/0	0/0	0/1	0/1	0/0	0/1	0/0	0/0	0/0	0/1	0/1	0/0	0/0	0/0	0/0	0/0	0/0	0/0	0/1	0/0	0/0	0/0
rs3898405	0/0	0/0	0/0	0/0	0/0	0/0	0/1	0/0	0/1	0/1	0/1	0/0	0/0	0/0	0/1	0/0	0/0	0/0	0/0	0/0	0/0	0/0	0/1	0/0	0/1	0/0	0/0	0/0	0/0	0/0	0/1	0/1	0/0	0/0	0/0	0/1	0/0	0/0	0/0	0/0	0/0	0/0	0/0	0/0	0/0	0/1	0/1	0/0	0/1	0/0	0/1	0/1	0/0	0/0	0/0	0/0	0/0	0/0	0/1	0/1	0/0	0/0	0/0	0/1	1/1	0/0	0/1
rs1051338	0/1	0/0	0/1	0/1	0/0	0/1	0/1	0/1	0/0	0/0	0/0	0/0	0/1	0/1	0/0	0/0	0/0	0/0	0/0	0/1	0/0	0/0	0/1	0/1	0/0	0/0	0/1	0/1	0/0	0/1	0/0	0/0	0/0	0/0	0/0	0/0	0/1	1/1	0/0	0/1	0/1	0/0	1/1	0/0	0/0	0/1	0/1	0/1	0/0	0/1	0/1	0/0	0/1	0/0	0/0	0/1	0/1	0/1	0/1	0/0	0/1	0/1	0/0	0/1	0/1	0/0	0/1
rs2273917	0/0	0/0	0/0	0/1	1/1	0/0	0/0	0/0	0/0	0/0	0/0	0/0	0/1	0/0	0/0	0/1	0/0	0/0	0/1	0/0	0/0	0/0	0/0	0/0	0/0	0/0	0/1	0/0	0/0	0/0	0/0	0/0	0/0	0/0	0/0	0/1	0/1	0/0	0/0	0/1	0/1	0/0	0/1	0/0	0/0	0/0	1/1	0/1	0/0	0/0	0/0	0/1	0/0	0/0	0/0	0/0	0/0	0/0	0/0	0/0	0/1	0/0	1/1	0/1	0/0	0/0	0/0
rs1129768	1/1	1/1	0/0	0/0	0/1	0/1	0/1	0/1	0/1	0/1	0/0	0/1	0/1	0/0	0/0	1/1	0/0	0/1	0/1	0/1	1/1	0/1	0/0	0/0	0/1	0/0	0/0	0/1	0/1	1/1	0/0	0/0	1/1	0/0	0/0	0/1	1/1	0/1	0/0	1/1	1/1	0/1	0/1	0/1	0/1	0/1	0/1	0/0	0/0	0/0	0/1	0/1	0/1	0/1	0/0	0/0	0/1	0/1	0/1	0/0	0/0	0/1	0/1	0/1	0/0	0/1	0/0
rs3820198	0/1	0/1	0/0	1/1	0/0	0/1	0/1	0/1	0/0	0/1	0/1	0/1	0/0	0/0	0/0	0/1	0/1	0/1	0/1	0/1	0/1	0/0	0/1	0/1	0/1	0/1	0/0	0/0	0/0	0/0	0/0	0/1	0/1	0/1	0/0	0/0	0/1	0/1	0/1	0/0	0/1	0/0	0/1	0/0	0/0	0/1	0/1	0/0	0/1	0/0	0/1	0/0	0/0	0/1	0/0	0/1	0/1	0/1	0/0	0/0	0/1	0/1	0/1	0/1	0/0	0/1	1/1
rs3757261	0/0	0/1	0/0	0/1	0/0	0/0	0/1	0/1	0/0	0/1	1/1	0/0	0/0	0/0	0/0	0/0	0/1	0/1	0/0	0/0	0/0	0/1	0/1	0/0	0/1	0/1	0/0	0/0	0/1	0/0	0/0	0/1	0/0	0/0	0/1	0/0	0/1	0/0	0/1	0/0	0/1	0/1	0/0	0/0	0/1	0/0	0/0	0/0	0/0	1/1	0/1	0/0	0/1	0/1	0/0	0/1	1/1	0/0	0/0	0/1	1/1	0/0	0/0	0/1	0/0	0/0	0/0
rs3731834	0/0	0/0	0/0	0/0	0/0	0/0	0/1	0/0	0/0	0/0	0/0	0/0	0/1	0/0	0/1	0/0	0/0	0/0	0/0	0/0	1/1	0/0	0/1	0/1	0/1	0/0	0/0	0/1	0/1	0/0	0/0	0/0	0/0	0/0	0/0	0/0	0/1	0/0	0/0	0/1	0/1	0/1	0/0	0/1	0/0	0/0	0/0	0/0	0/0	0/1	0/1	0/0	0/0	0/1	0/0	0/0	0/0	0/0	0/1	0/1	0/0	0/0	0/1	0/0	0/0	0/1	0/0
rs1060743	0/0	0/1	0/1	1/1	0/1	0/0	0/0	0/0	0/0	0/0	0/0	0/0	0/1	0/1	1/1	0/0	0/0	0/1	0/1	0/0	1/1	0/0	0/0	0/0	0/1	0/1	0/0	0/0	0/1	0/0	0/0	0/1	0/1	0/0	0/0	0/1	1/1	0/0	0/1	0/1	0/0	0/1	0/0	0/0	0/1	0/0	0/1	0/0	0/1	0/1	0/0	0/0	0/0	0/0	0/1	0/1	0/1	0/1	0/1	0/0	0/0	0/0	1/1	0/1	0/0	0/0	0/0
rs1532268	0/0	0/0	0/1	0/1	0/0	0/1	1/1	0/1	0/1	0/1	0/0	1/1	0/1	0/1	0/0	0/1	0/0	1/1	0/0	0/1	0/0	0/0	0/0	0/1	0/1	0/1	0/1	0/0	0/0	0/1	1/1	0/0	0/0	0/1	0/0	0/1	0/0	1/1	1/1	0/1	0/0	0/0	0/1	0/1	0/1	0/1	0/0	0/0	0/0	0/1	0/1	0/0	0/1	0/0	0/1	0/1	0/1	1/1	0/1	0/1	0/1	0/1	0/1	0/1	0/1	1/1	1/1
rs3796376	0/1	0/0	0/0	0/0	0/0	0/0	0/0	0/1	0/0	0/1	0/1	0/0	0/1	0/0	1/1	0/1	0/0	0/0	0/0	0/0	0/1	0/1	0/1	0/1	0/0	0/0	0/0	0/0	0/0	0/0	0/1	0/0	0/0	0/1	0/0	0/0	0/0	0/0	0/0	0/1	0/0	0/1	0/0	0/0	0/1	0/0	0/0	0/0	0/1	0/0	0/0	1/1	0/0	0/0	0/0	1/1	0/0	0/1	0/0	0/0	0/0	0/0	0/1	0/1	0/1	0/1	0/0
rs41545916	0/1	0/1	0/1	0/0	0/0	0/1	0/1	0/0	0/0	0/1	0/0	0/0	0/0	0/0	0/1	0/1	0/0	0/1	0/1	0/0	0/0	0/1	0/0	0/0	0/1	0/0	0/0	0/0	0/1	0/1	0/1	0/1	0/1	0/1	0/0	0/1	0/0	0/1	0/0	0/1	0/0	0/0	0/0	0/0	0/0	0/1	0/0	0/1	0/1	0/1	0/1	0/1	0/1	0/0	0/0	0/0	0/1	0/1	0/1	0/0	0/1	0/1	0/0	0/1	0/0	0/1	0/1
rs12126269	0/0	0/1	1/1	0/0	0/1	0/0	0/1	0/1	0/1	0/1	0/1	0/0	0/0	1/1	0/0	0/0	0/1	0/1	0/0	0/1	0/0	0/0	0/0	0/0	0/0	0/0	0/1	0/1	0/0	1/1	0/1	0/0	0/0	0/0	0/1	0/0	0/0	0/1	0/0	0/0	0/0	0/1	1/1	0/1	0/0	0/1	0/0	0/1	1/1	0/0	0/0	0/1	0/0	0/1	0/0	1/1	0/1	0/1	0/1	0/1	0/1	0/0	0/0	1/1	0/0	0/1	0/1
rs2291561	0/0	0/0	0/0	0/0	0/0	0/1	0/0	0/0	0/0	0/1	0/0	0/0	0/0	0/0	0/0	0/0	0/0	0/0	0/0	0/1	0/0	0/0	0/1	0/0	0/1	0/0	0/1	0/1	0/0	0/0	0/1	0/0	0/0	0/0	0/0	0/0	0/1	0/0	0/0	0/0	0/0	0/0	0/0	0/0	0/0	0/0	0/0	0/1	0/0	0/0	0/0	0/0	0/0	0/0	0/0	0/0	0/0	0/1	0/1	0/0	0/0	0/0	0/0	0/0	0/0	0/1	0/0
rs3738815	0/1	0/1	0/1	0/1	0/1	0/1	0/1	0/1	0/1	0/1	0/1	0/1	0/1	0/1	0/1	0/1	0/1	0/1	0/1	0/1	0/1	0/1	0/1	0/1	0/1	0/1	0/1	0/1	0/1	0/1	0/1	0/1	0/1	0/1	0/1	0/1	0/1	0/1	0/1	0/1	0/1	0/1	0/1	0/1	0/1	0/1	0/1	0/1	0/1	0/1	0/1	0/1	0/1	0/1	0/1	0/1	0/1	0/1	0/1	0/1	0/1	0/1	0/1	0/1	0/1	0/1	0/1
rs11166965	0/1	0/0	1/1	0/0	0/1	0/0	0/0	0/0	0/0	0/0	0/0	0/0	0/0	0/0	0/0	0/0	0/1	0/1	0/0	0/0	0/0	0/0	0/1	0/0	0/0	0/0	0/0	0/0	0/0	0/0	0/0	0/1	0/1	0/0	0/0	0/1	0/0	0/0	0/0	0/0	0/0	0/1	0/0	0/1	0/0	0/0	0/0	0/0	0/0	0/0	0/0	0/0	0/1	0/1	0/1	0/1	0/1	0/1	0/1	0/1	0/1	0/0	0/0	0/0	0/0	0/0	0/0
rs2736098	0/1	0/1	0/0	0/0	0/0	0/0	0/1	1/1	0/0	0/1	0/1	1/1	0/0	0/0	0/1	0/0	0/1	0/1	1/1	0/1	0/1	0/1	0/0	1/1	0/1	0/1	0/1	0/0	0/0	1/1	0/1	0/0	0/0	0/1	0/0	0/1	0/1	0/1	0/1	0/0	0/0	0/0	0/0	0/1	0/1	0/0	0/1	0/1	0/0	0/0	0/1	0/1	0/1	0/0	0/0	0/0	0/0	0/1	0/1	0/0	0/1	0/0	0/0	0/1	0/0	0/1	0/0
rs1073123	0/1	0/0	0/0	0/0	0/1	0/0	0/0	0/0	0/0	0/1	0/0	0/0	0/0	0/0	0/0	0/0	0/0	0/0	0/0	1/1	0/0	0/0	0/0	0/1	0/1	0/1	0/0	0/0	0/1	0/0	0/1	0/0	0/0	0/0	0/0	0/0	0/0	0/0	0/0	0/0	0/0	0/1	0/0	0/0	0/0	0/1	0/0	0/0	0/0	0/0	0/0	0/1	0/1	0/0	0/0	0/0	0/0	0/0	0/1	0/0	0/0	0/1	0/0	0/0	0/0	0/0	0/0
rs6681639	1/1	0/0	0/1	0/0	0/0	0/1	0/0	0/0	0/0	0/1	0/1	0/0	0/1	0/0	0/1	0/0	0/1	0/0	0/1	0/0	0/0	0/0	0/1	0/1	0/0	0/1	1/1	0/1	0/0	0/0	0/1	0/0	0/0	0/0	1/1	0/0	0/1	0/0	0/1	0/0	0/0	0/1	0/0	0/0	0/0	1/1	0/0	1/1	0/1	1/1	0/0	0/0	0/0	1/1	0/1	0/1	0/1	0/0	0/1	0/1	0/0	0/1	0/0	0/0	0/1	0/0	0/0
rs11778026	0/1	0/1	0/0	0/0	0/1	0/1	1/1	0/0	0/1	0/0	0/1	1/1	1/1	0/0	0/1	0/0	0/1	0/1	0/1	0/0	1/1	0/0	0/1	0/0	0/0	0/0	0/0	0/1	1/1	0/1	0/1	0/0	0/1	0/0	0/0	0/1	0/1	0/1	0/1	1/1	0/0	0/1	1/1	0/0	0/1	0/0	0/1	0/1	0/1	0/1	0/1	0/0	0/1	0/1	0/1	0/1	1/1	0/0	0/0	0/0	0/0	0/1	0/1	1/1	1/1	0/0	1/1
rs9474143	0/0	1/1	0/0	0/1	0/0	0/1	0/0	0/0	0/0	0/1	0/1	0/0	0/0	0/0	0/0	0/0	0/0	0/0	0/0	0/1	0/1	0/0	0/0	0/1	0/0	0/1	0/0	0/0	1/1	0/0	0/0	0/1	0/0	0/0	0/1	0/0	0/0	0/0	0/0	0/0	0/1	1/1	1/1	0/0	0/0	0/0	0/1	0/0	0/0	0/0	0/1	0/0	0/0	0/0	0/1	0/0	0/0	0/1	0/0	0/1	0/1	0/0	0/1	0/0	0/1	0/0	0/0
rs35935937	0/0	0/0	0/0	0/0	0/1	0/0	0/0	0/0	0/0	0/0	0/0	0/0	0/1	0/1	0/0	0/0	0/1	0/0	0/0	0/0	0/0	0/0	0/1	0/0	0/1	0/0	0/0	0/1	1/1	0/1	0/0	0/0	0/0	0/0	0/0	1/1	0/0	0/0	0/0	0/0	0/0	0/0	0/0	0/0	0/0	0/0	0/0	0/0	0/1	0/1	0/0	0/0	0/0	0/0	0/0	0/1	0/1	0/0	1/1	0/1	0/0	0/0	0/0	0/0	0/1	0/0	0/0
rs73343757	0/0	0/0	0/0	0/0	0/0	0/0	0/0	0/1	0/0	0/1	0/0	0/0	0/1	0/0	0/0	0/0	0/0	0/0	0/1	0/0	0/0	0/0	0/0	0/0	0/1	0/0	0/0	0/0	0/0	0/0	0/0	0/0	0/0	0/1	0/1	0/0	0/1	0/0	0/0	0/0	0/0	0/0	0/0	0/0	0/0	0/0	0/1	0/1	0/0	0/1	0/1	0/0	0/1	0/1	0/0	0/1	0/0	0/1	0/0	0/0	0/0	0/1	0/0	0/0	0/0	0/1	0/0
rs1800248	0/0	0/0	0/0	0/1	0/0	0/0	0/0	0/0	0/1	0/0	0/0	0/0	0/0	0/0	0/0	0/0	0/0	0/0	0/0	1/1	0/0	0/0	0/0	0/0	0/1	0/0	0/0	0/1	0/0	0/0	0/1	0/0	0/0	0/1	0/0	0/0	0/1	0/0	0/0	0/0	0/0	0/0	0/1	0/0	0/1	0/1	0/0	0/1	0/0	0/0	0/0	0/0	0/1	1/1	0/0	0/0	0/0	0/0	0/1	0/0	0/0	0/0	0/0	0/0	0/1	0/0	0/1
